{"finetune_loss": 0.20359918475151062, "finetune_loss_cls": 0.10572845488786697, "finetune_loss_align": 0.09787069261074066, "finetune_loss_sar": 0.0, "finetune_acc": 97.98561096191406, "_timestamp": 1693125732.3214896, "_runtime": 298.1456596851349, "_step": 360, "test_OA": 0.8980457036500878, "test_AA": 0.9469474023411316, "test_Kappa": 0.8834019740460362, "_wandb": {"runtime": 297}}